5.5,14.83594643,8.200410501,3.702323764,3.153635235,-11.6008
5.5,11.96198955,13.64306644,1.681924831,1.3192726,-7.79484
5.5,14.82346366,8.124076288,1.578842406,3.456047332,-19.0969
5.5,8.354283371,10.48193488,1.217116914,1.839623322,-2.95639
5.5,9.303929522,9.215773773,3.116253138,3.288492493,-1.06267
5.5,11.66263029,11.47112101,3.172609343,2.016720665,-3.85532
5.5,12.45731518,11.41151994,4.578745429,1.085776026,-4.05669
5.5,10.49175165,13.91013052,4.77244925,0.78103312,-4.06024
5.5,12.5153339,11.96948945,4.016837044,3.821826796,-1.95233
5.5,10.57228661,9.163543192,3.154917336,4.314537005,-1.15345
5.5,14.06787706,14.29775959,4.420493296,2.034091292,-8.38273
5.5,11.79146073,12.5597524,2.711889234,0.930275331,-7.02609
5.5,12.7230567,11.45701219,2.498543727,0.71806958,-6.63644
5.5,9.871935074,13.62796002,1.603218039,4.580250198,-1.8995
5.5,8.891513939,9.992055125,3.777271048,1.390771459,-1.25352
5.5,8.342167791,14.05573978,3.056570351,3.969376388,-0.881834
5.5,14.36278095,11.64590844,0.425120695,2.593681145,-0.958956
5.5,13.30263416,8.557826116,3.320949641,4.124398522,-3.03565
5.5,13.65492128,11.36727379,4.744215849,1.736429033,-4.99469
5.5,11.2065138,10.18422484,2.63454349,2.685834153,-3.21373
5.5,8.585114398,11.72501633,3.08782566,4.173462665,-0.887215
5.5,9.082173092,14.664758,3.590021797,3.861383679,-0.946892
5.5,9.79792779,10.49662795,0.7348968,4.422627014,-4.56081
5.5,8.609874535,8.105876051,1.306940564,2.934874206,-1.94664
5.5,14.08385865,13.14311497,4.36475165,4.116194054,-2.88845
5.5,9.112350087,10.21347078,3.940753804,4.767006406,-0.772899
5.5,12.23267185,12.58108581,4.662150719,3.83690294,-1.41721
5.5,11.72614556,11.43656493,1.823360289,0.651408844,-7.7344
5.5,9.33580373,13.84773808,4.263506224,1.227686518,-19.2051
5.5,13.33857854,13.21668744,4.06569192,3.84534719,-2.77817
5.5,12.2044445,10.70929911,4.089126511,0.882968766,-3.83535
5.5,9.054608378,11.53451516,2.3760431,4.906654616,-1.013
5.5,11.30459229,12.0724784,2.836617773,4.005398753,-1.85815
5.5,12.7798015,11.48776705,4.515748877,4.971011251,-1.26924
5.5,10.04964639,13.091303,3.074183619,1.777261172,-3.21356
5.5,12.34023652,13.03603144,0.447075933,3.787607013,-8.63045
5.5,14.67477272,9.356962782,1.697611497,4.235397219,-16.9586
5.5,11.88685585,11.16421336,1.110796547,2.252003312,-15.4433
5.5,12.85039243,11.56305406,3.569979564,2.367244633,-5.25137
5.5,14.87249265,8.998876064,0.615817862,3.041568986,-0.932824
5.5,14.43600601,13.41762357,2.402498989,3.926502627,-15.9519
5.5,12.52673504,9.148270783,3.432596562,3.240853186,-2.98426
5.5,14.8952992,11.40600019,2.882229071,1.768171398,-7.91952
5.5,9.171867246,9.818490437,1.284768944,4.160094647,-1.88015
5.5,11.61115901,12.33081701,0.878310541,3.932667769,-6.87109
5.5,12.36606297,11.19945846,1.326447868,1.439180801,-24.1743
5.5,13.64098034,9.785189963,2.109661615,2.679295302,-25.2084
5.5,11.03296602,11.66037378,4.613075355,1.044376037,-2.99434
5.5,8.470713981,8.539240526,3.515727343,0.946260966,-1.21227
5.5,11.65506452,11.90871251,1.220901947,3.405396486,-9.5205
5.5,8.950873864,13.80439116,3.858384003,0.717100065,-5.37201
5.5,10.67801149,13.01942894,2.302578732,1.273924848,-7.70628
5.5,12.8803884,11.70245338,3.567136045,4.376607589,-2.20936
5.5,8.929555308,12.59934811,1.934385735,3.133999198,-1.60696
5.5,13.56740144,13.8993052,2.871877313,3.493986889,-8.7334
5.5,8.431968888,11.84147944,4.990097433,4.832649076,-0.667081
5.5,13.77019938,14.32023356,3.367325181,4.165699816,-4.64887
5.5,14.20683845,11.88822648,4.425597239,3.864935602,-3.47893
5.5,9.393401099,13.85722551,2.06857829,4.13238526,-1.40559
5.5,12.14232763,11.13715172,2.366458363,1.608699904,-8.27347
5.5,14.96710854,9.105310474,3.668343951,2.231143803,-11.1843
5.5,8.370020561,9.681447466,4.972208943,1.598843323,-0.842002
5.5,8.969883727,12.25907071,2.550938574,1.322882107,-2.45426
5.5,9.598477679,11.00299563,1.930059052,1.663483032,-3.22091
5.5,11.97540418,12.2172679,3.104032317,3.546842593,-2.56194
5.5,12.7144159,9.664514613,3.846092292,2.320655863,-3.85602
5.5,13.05925576,14.51289394,2.190997238,2.978262278,-17.6867
5.5,11.56737301,12.8057654,1.409613666,1.265744247,-11.2779
5.5,12.48987217,12.65717975,2.195283438,3.191578539,-8.58889
5.5,8.287033722,10.69328256,0.74922628,4.07445702,-2.3509
5.5,9.371731539,12.47343794,2.355332645,0.64292519,-14.4056
5.5,13.2481402,11.08919025,3.472643506,4.940191301,-2.25252
5.5,10.20988466,14.92348629,2.662158092,3.243454235,-1.94041
5.5,13.234557,8.58507448,3.608500713,4.880353957,-1.89186
5.5,14.0785641,11.31230249,1.839145498,4.392760051,-15.466
5.5,8.729990923,12.77091965,3.559040086,0.575533768,-16.0676
5.5,12.09825148,14.56766267,4.517422506,2.356057801,-9.23188
5.5,13.03247769,12.38193865,3.55312657,1.826657065,-6.48695
5.5,11.91892648,12.3050348,1.099850897,1.09030612,-17.5045
5.5,9.696214396,12.43747459,3.359993038,4.493930664,-0.965617
5.5,14.50766353,9.041812758,2.134892027,2.004526717,-7.42258
5.5,14.74210611,9.760400624,2.643703339,2.200007122,-8.59045
5.5,11.63336405,11.80954656,2.239467219,4.641304431,-2.49014
5.5,12.95773821,9.726488515,4.794623032,2.195953801,-2.84401
5.5,13.63480967,11.46294651,0.979105198,2.504213097,-2.3787
5.5,9.408791302,13.51493556,2.919486504,4.590867838,-1.00175
5.5,8.795642709,12.55066308,2.515547295,3.561642764,-1.14238
5.5,12.28539053,8.187090365,1.203683064,3.397676675,-15.8131
5.5,8.187831678,9.446606797,2.732602985,4.01863574,-0.886315
5.5,8.303543183,10.7646507,1.883436369,4.176901891,-1.13893
5.5,8.852997308,14.39656763,3.913181774,1.792385519,-10.127
5.5,13.79025922,12.2243342,0.729624683,0.436621692,-2.52412
5.5,10.77075063,9.510338965,3.199139489,4.652388212,-1.14893
5.5,9.629744366,10.35485581,3.257557479,0.843206093,-2.09872
5.5,10.69393827,9.891308914,0.858818721,4.44000202,-6.00568
5.5,9.207957647,10.643295,4.187554158,4.793200683,-0.760439
5.5,13.46084,14.01451986,4.268618311,4.455792141,-2.01069
5.5,10.39050336,11.86599496,3.785537774,3.464708122,-1.18746
5.5,10.27102391,10.2190018,4.643689692,2.956305895,-1.0315
5.5,13.08138709,12.48685791,3.295603897,2.387651216,-7.50188
5.5,12.00789231,12.24438585,4.982164348,1.882715295,-2.74079
5.5,13.476068,8.528269605,3.692904195,0.794258874,-5.43547
5.5,10.61812736,10.47129945,0.693548171,1.89811197,-13.7646
5.5,9.271493241,14.54713262,0.460122664,4.36190285,-5.97441
5.5,11.92619277,14.43672741,4.090192865,0.767152547,-6.65875
5.5,11.44217913,9.831923816,1.944865725,0.986774492,-8.12528
5.5,11.06603304,9.873054706,1.688291031,1.672523224,-8.47993
5.5,10.2761375,13.40122668,0.951699204,4.281417868,-4.96871
5.5,14.84774953,10.74327582,1.299849623,2.945945686,-1.1478
5.5,9.877648141,14.08665255,2.181616628,1.812971551,-12.0513
5.5,11.89917008,11.13056714,4.135071778,4.050225143,-1.35486
5.5,10.54881495,11.42669019,3.795318171,4.514091159,-1.00732
5.5,10.2355136,10.52476653,4.931383806,3.011893795,-1.00397
5.5,8.098667889,10.60828954,3.581182929,2.971411273,-0.854947
5.5,12.69132496,11.21505571,1.999750304,3.665989247,-9.86434
5.5,14.33775773,12.92171804,2.807597922,1.905969561,-8.47787
5.5,11.05299854,13.04871427,3.712343352,4.734007445,-1.11436
5.5,14.1309017,10.28105036,4.592276202,0.908695298,-5.01781
5.5,14.71773611,11.26817825,1.048347841,4.098876944,-1.13617
5.5,10.75445469,10.57533227,1.481035977,1.878844741,-9.01137
5.5,9.460247127,8.376092637,1.916640165,0.896976249,-3.10992
5.5,9.230035054,14.83165041,1.972095581,2.876603802,-2.01889
5.5,10.19878071,12.15684295,4.299025003,3.359335967,-1.04684
5.5,14.05985848,11.10821493,3.407198882,3.201761309,-9.31716
5.5,11.69021056,14.75375658,0.486366396,3.875536031,-2.24976
5.5,13.88571819,12.7427744,2.70750654,1.110086829,-6.68918
5.5,8.799042633,11.38993645,2.68539819,4.000827031,-1.00372
5.5,12.2539275,10.40455688,2.222666642,3.990022421,-4.24547
5.5,11.89878184,10.98506941,4.537315019,4.387723397,-1.13499
5.5,9.90840308,9.436711871,4.961751348,2.845855287,-0.907291
5.5,8.039303767,11.75222338,2.898240158,3.111497522,-1.00176
5.5,10.09400436,14.67526179,2.953468929,1.53996799,-4.5286
5.5,13.81754223,9.304437425,1.543399981,2.620530054,-10.7908
5.5,14.39620271,13.31263681,3.996875082,4.952930054,-3.14707
5.5,14.96095195,13.70574894,1.551633122,0.949475438,-2.91215
5.5,8.095709077,14.2867818,2.967543714,1.887837576,-4.25321
5.5,13.15567787,12.36105518,3.183442831,0.466145642,-2.92523
5.5,8.645798344,12.13431327,2.457947441,4.190396978,-1.04697
5.5,12.41230425,13.3385973,3.760645017,3.752536195,-2.20306
5.5,13.68355277,9.920042822,2.939172876,4.156009161,-5.68641
5.5,13.90868725,8.037695991,3.8869376,2.212316479,-6.64244
5.5,11.90795353,9.905049785,3.6773587,4.252615424,-1.50556
5.5,9.900896937,11.64739845,4.832832553,3.582847683,-0.868246
5.5,13.55679354,9.575111124,3.801277343,4.663046819,-2.27312
5.5,9.187088421,14.33568173,2.939700074,3.327526565,-1.17897
5.5,10.01599499,8.727780113,3.084314056,3.421505337,-1.23921
5.5,8.07317421,9.882392213,3.037206589,0.448713031,-1.34971
5.5,10.89404988,11.35747763,4.807191567,4.430092035,-0.902037
5.5,8.230544529,12.53523264,2.414287446,1.214869605,-1.99849
5.5,14.10129314,13.695204,3.503972205,1.556703325,-6.2415
5.5,9.480465246,12.39783494,1.547754345,1.179881892,-4.68529
5.5,14.15391999,13.56588748,3.837127913,2.828112784,-8.95785
5.5,8.477760412,11.98771826,1.21217105,2.739151041,-2.28299
5.5,9.604780002,11.39567075,0.845419944,3.621982045,-5.14054
5.5,8.379064439,13.51846182,1.863337735,4.064629284,-1.19235
5.5,13.2833403,11.03507793,1.904067769,1.511277555,-12.5767
5.5,12.91163729,8.274192676,1.276949505,4.658786848,-10.9796
5.5,14.53825108,14.90207361,1.596624547,1.854360027,-21.4241
5.5,14.48799541,13.22634701,4.964418029,1.155891344,-6.94386
5.5,13.69027526,12.04260223,3.133982389,1.378946962,-6.74378
5.5,14.99363948,10.27068268,2.578117875,0.976788789,-8.54271
5.5,13.6481937,12.12714445,1.58634716,3.032556303,-12.0361
5.5,10.33278941,14.23262858,4.879190617,3.343869733,-0.984123
5.5,8.211927347,13.72875154,3.599465068,1.474004001,-3.49593
5.5,13.15114446,13.93036307,3.534845379,3.089808046,-5.62557
5.5,11.39510566,8.653864066,1.26205618,2.026062206,-19.3647
5.5,10.86154299,13.45109004,2.527635161,3.702923091,-2.17411
5.5,14.13725179,10.7827481,4.032097086,1.918836134,-7.82459
5.5,8.493596323,10.10397294,0.954239349,2.521249697,-3.3359
5.5,10.81895079,8.116485365,3.973478723,1.357275561,-1.97051
5.5,8.988984509,12.83761923,4.313485138,2.284622279,-1.04628
5.5,8.394980656,13.74457136,0.909699956,3.247951885,-2.75392
5.5,12.90202282,8.304233729,0.760180071,0.826626019,-8.48256
5.5,14.53029432,9.769559514,0.714881361,1.070716119,-1.19146
5.5,10.80480287,14.61151377,2.474133602,1.079941555,-5.45091
5.5,9.750501988,8.705855997,4.368201398,0.796238905,-1.38642
5.5,14.47574949,14.69534429,2.010534429,3.498354845,-4.546
5.5,12.94480906,10.33299771,2.395868072,2.932821614,-10.5735
5.5,14.40852347,14.04591906,1.072199324,4.168172773,-1.83183
5.5,14.70722009,9.941852289,3.326911052,2.206850135,-11.8105
5.5,14.64428953,12.88009161,2.805028621,3.017870107,-17.1533
5.5,14.97801158,8.294688955,3.648139024,1.580086286,-7.68145
5.5,10.88676735,8.666542173,1.094244619,3.18224813,-8.68907
5.5,12.628466,13.87146938,4.453965858,4.649163751,-1.37573
5.5,13.8467599,10.92856597,2.48532026,3.015004776,-23.5157
5.5,12.31893124,11.92201132,0.930434794,4.927447108,-6.41089
5.5,12.92664619,13.07497713,2.240052625,0.494818002,-4.94533
5.5,11.47630645,14.70877495,4.318922465,2.428395644,-9.15374
5.5,11.6019287,8.350404842,4.767140556,2.649460501,-1.4566
5.5,13.49575393,8.762390279,0.503560882,3.681994091,-2.36661
5.5,8.329488,8.873421094,4.694998262,3.574719057,-0.714693
5.5,14.44278345,13.52354867,4.548528378,4.959097457,-2.3462
5.5,13.13289717,9.097594498,3.128004674,1.56524629,-7.24585
5.5,12.20773945,11.60987573,2.589781756,2.900017916,-5.41044
5.5,13.31746713,12.81824496,2.429180358,0.637167002,-4.27733
5.5,10.06357418,14.94249398,2.227349604,1.483851351,-11.74
5.5,9.487288032,12.25279537,1.166452505,2.814853519,-3.79786
5.5,12.55050958,10.03338085,4.325557844,2.597806942,-2.64417
5.5,14.58553036,11.81901609,2.581732155,1.724407603,-8.28281
5.5,13.66312587,11.70656627,4.268331873,1.003534368,-5.73333
5.5,10.53808545,14.20068713,3.64500078,1.952951695,-9.29218
5.5,9.979119356,8.405266249,2.858492772,4.318970948,-1.08595
5.5,13.18888483,14.83241435,3.229119923,3.278144153,-6.20278
5.5,13.05026123,14.25709829,1.696655886,1.440192389,-4.20256
5.5,14.11537421,14.53565952,3.042081055,2.534715533,-10.8214
5.5,14.54932316,12.60736587,4.295521733,4.965841622,-2.80398
5.5,9.958479884,13.00401229,4.557413978,3.731015686,-0.931703
5.5,12.83108397,8.577190353,4.737641311,0.540389042,-3.40855
5.5,12.26949782,8.910916562,0.773639134,2.921221625,-8.04638
5.5,8.564462364,13.58640401,4.709014732,3.310647543,-0.763219
5.5,9.301232892,13.75779238,2.618185783,2.094977437,-2.48566
5.5,10.44360494,8.649158647,0.788195347,1.507473777,-30.3333
5.5,10.23271644,13.25571063,1.172663929,2.962943178,-6.07754
5.5,11.05040449,10.17911565,1.798815255,3.888981672,-3.34772
5.5,8.669541336,9.69313248,1.23547954,0.839990902,-4.02082
5.5,11.85776312,13.72494059,3.687095752,2.261817195,-4.66866
5.5,12.67961226,10.91408599,4.374746962,2.625623391,-2.82821
5.5,8.838534106,12.5261923,4.225100551,4.408443519,-0.762525
5.5,10.26577293,8.173255529,3.380948479,3.124069438,-1.26922
5.5,14.888705,13.15693965,4.00089153,3.317094971,-10.3951
5.5,14.34895109,14.98226965,0.925387236,0.626114047,-6.84554
5.5,8.194782798,10.63085519,2.728343952,2.579318986,-1.14088
5.5,14.16862583,11.62586586,0.695450032,0.935861888,-2.38948
5.5,9.776771004,13.43199123,4.055222143,3.460520968,-1.00116
5.5,11.13244862,9.123496321,2.001037758,3.96458259,-2.61276
5.5,8.956943383,14.22357737,4.082114288,0.912702206,-4.78922
5.5,9.575887247,10.12837889,3.635883642,3.70142924,-0.997303
5.5,13.45423561,12.67359657,1.962634601,3.544643521,-13.2254
5.5,8.658008246,11.23020366,1.449954078,0.544744122,-3.79073
5.5,10.9303782,12.57555313,1.9864561,4.722037982,-2.14079
5.5,12.06344334,12.71447808,2.492239463,2.786332634,-5.74678
5.5,9.38776051,9.735372863,2.750639325,1.283069272,-2.02179
5.5,12.89020059,11.73605993,2.248890238,3.00808027,-12.4014
5.5,12.08147841,9.145350669,3.740711375,3.568138215,-1.83683
5.5,11.3570062,14.2595079,0.540609853,1.551405389,-4.08719
5.5,9.742704465,11.99597857,2.128949075,2.31668201,-2.58617
5.5,10.98789713,13.75125064,1.324369683,4.05814775,-4.83063
5.5,13.42247054,14.77650238,2.115957171,4.70194,-7.15314
5.5,8.279588023,13.47925769,1.926149554,2.170752788,-1.85048
5.5,12.14509648,11.85887666,0.499419372,2.15255757,-12.6125
5.5,8.616770114,13.98285299,3.449119207,3.437250627,-0.917701
5.5,10.99558774,9.886689933,3.391926344,4.785343797,-1.12854
5.5,14.90758255,14.56139078,4.105609129,4.679907498,-4.54991
5.5,14.01238841,14.93221412,2.391326017,2.042572426,-7.38957
5.5,8.45098849,14.38093892,3.251976371,2.998230249,-1.01643
5.5,13.12094107,8.195835595,3.355985909,4.149128966,-2.61542
5.5,8.832378313,12.07812471,2.04274741,4.603389808,-1.13184
5.5,11.45256994,10.90611756,1.879852399,4.710024057,-2.81913
5.5,14.22486251,8.259585712,3.474237509,2.243546778,-9.74873
5.5,8.138983408,14.46394027,0.525404409,1.275344278,-6.39619
5.5,13.8056892,13.23710845,4.669243513,1.258577939,-7.10623
5.5,13.53841255,8.361503271,3.211884012,0.410536356,-5.922
5.5,9.359258383,12.97103984,1.105438192,4.923692014,-2.12696
5.5,14.52141962,9.981762535,4.656484068,4.691299722,-2.29049
5.5,12.79633044,14.73660264,2.521833153,4.026424613,-5.00349
5.5,14.36957524,9.005205766,4.623266276,4.108836872,-2.599
5.5,12.98336474,12.17724313,4.871504674,2.912228451,-2.29386
5.5,11.4453609,11.27602597,1.750371038,3.675095821,-5.23784
5.5,13.93917113,10.83053909,2.822584821,0.661504474,-7.05137
5.5,8.67273413,14.04971905,0.46931801,0.645984107,-7.1902
5.5,8.222691989,9.568841421,1.191411744,3.172757803,-1.87681
5.5,10.45117278,11.72075758,2.023484255,1.454128348,-5.09873
5.5,11.46456152,14.59907843,3.843827887,0.407221848,-3.74122
5.5,9.612799793,12.51168175,1.890336688,3.954422804,-1.64235
5.5,11.8285795,8.160790514,2.895977899,2.297145023,-3.85243
5.5,12.77236527,10.67240019,2.159016619,4.943214139,-4.23922
5.5,13.94846206,13.98821747,3.738927919,0.690457749,-8.58902
5.5,14.41718525,10.65720308,4.919931395,0.923081783,-5.05307
5.5,11.159805,13.19571177,2.442052572,4.855371614,-1.75913
5.5,10.91413559,13.1601763,0.815767677,4.508874601,-6.27554
5.5,11.1855451,9.613080109,0.922870788,1.410238133,-18.4256
5.5,10.22141097,14.44304011,1.954408408,2.721901502,-3.26354
5.5,11.2295645,9.178810738,1.776544694,0.743188004,-8.03397
5.5,14.81518741,13.67303831,4.522765011,3.297099166,-7.52073
5.5,11.34349511,10.82465576,2.648335384,3.217772774,-2.75722
5.5,11.51782209,13.31761429,2.992952786,3.506755357,-2.31394
5.5,8.169127465,10.29731803,0.656855498,4.327333465,-2.21893
5.5,9.341269906,14.11941346,1.674005382,3.979391407,-1.72068
5.5,14.41977227,13.82202429,3.916452554,0.612835468,-6.95766
5.5,10.84331986,8.88751458,2.816510487,0.771128235,-3.41194
5.5,8.750244238,12.7092465,4.664257258,2.857265827,-0.812735
5.5,10.52794573,9.013505801,2.81086604,1.823889264,-2.62343
5.5,9.222628787,10.8171249,2.299116677,1.431890543,-2.36418
5.5,9.812557153,11.80431991,4.820193208,0.509076189,-7.29497
5.5,12.46413196,11.8338661,3.080178034,1.146439609,-5.82844
5.5,14.85935201,13.3421631,4.67408697,4.775822581,-2.82215
5.5,14.55430083,13.15144295,3.791565004,1.942343526,-8.03431
5.5,8.462385592,14.28319367,0.960449765,2.63463646,-3.62042
5.5,14.44940584,11.25569997,1.760689713,2.059812671,-3.06416
5.5,9.320085479,10.73087729,1.46288729,3.415144792,-2.21429
5.5,14.94230876,14.57842352,2.312393033,2.452939235,-3.30668
5.5,10.37054306,8.60036003,2.640012523,4.585995341,-1.20815
5.5,9.619101817,11.89946862,4.159815412,1.530721478,-1.53685
5.5,14.68157898,10.15844667,3.908021106,3.515414337,-7.7705
5.5,13.76225739,14.58503725,3.009559098,2.778220495,-16.2665
5.5,14.56369026,12.32517571,2.718081598,0.601493205,-4.66988
5.5,13.00434153,11.27104023,1.812517246,3.503928704,-11.9797
5.5,14.30817767,14.03696542,3.480827298,1.704858123,-5.78465
5.5,14.19901326,13.06710644,3.21670651,0.873160461,-3.86655
5.5,10.60920135,12.10084574,3.87183887,2.468452016,-1.7182
5.5,8.961758752,8.631946425,4.30105553,3.525395728,-0.803291
5.5,13.69396012,8.090805373,0.531898842,4.054879431,-3.19143
5.5,12.76026987,8.481137506,3.174090908,4.273698892,-2.4291
5.5,11.12855635,11.17826903,1.38319723,2.303859966,-12.3228
5.5,14.69396396,9.315828002,4.287725543,2.667311572,-8.65987
5.5,14.74868593,8.414429752,4.587607137,3.291597304,-4.72592
5.5,8.250633711,10.24151049,4.196681131,3.736394982,-0.757542
5.5,10.01671632,9.602319679,0.610228479,2.235912776,-17.2602
5.5,8.54024876,10.2839994,2.742995154,2.023587462,-1.34046
5.5,13.86133838,11.8496746,2.09289558,1.820055983,-9.19022
5.5,10.87940327,14.74756464,0.792374016,2.438012757,-16.806
5.5,11.96525121,9.590475533,1.608172085,3.42329954,-8.63009
5.5,10.49796372,10.71757124,0.700194711,3.352943456,-9.81031
5.5,14.82769239,14.94408831,1.530242532,1.963869248,-11.19
5.5,12.1273826,11.24138396,4.629837349,3.077535474,-1.75396
5.5,12.68692887,14.8478698,4.035111032,4.354295285,-1.74194
5.5,14.17680585,11.43729467,0.604512714,1.163527165,-2.13574
5.5,11.03885422,14.91509151,4.849082864,1.690283273,-5.20834
5.5,8.580188606,11.69132205,4.599106412,0.593433891,-1.29615
5.5,14.23709982,8.900339358,0.629076278,4.140110784,-1.1908
5.5,12.86599922,10.29222676,1.919084119,4.121152949,-8.15977
5.5,13.99590876,13.04043892,3.604832793,2.18979306,-9.51909
5.5,12.74017866,10.86374235,0.563312253,1.809882734,-4.04553
5.5,12.93295149,14.45242688,1.570101412,4.957718916,-6.83482
5.5,14.40142345,8.398386565,1.856248506,2.890353361,-9.2514
5.5,12.04074134,10.58849185,4.111309391,0.460373515,-5.42421
5.5,10.35633771,11.95723421,2.727285737,4.413868562,-1.30681
5.5,14.94913613,13.26097096,0.974500267,3.105120013,-2.41712
5.5,9.510161773,13.08560303,1.124783217,4.417960349,-2.46329
5.5,10.08892163,10.59895745,2.25661176,4.034715772,-1.53011
5.5,13.93289816,14.24877865,1.208441357,0.865701677,-8.01069
5.5,13.41487465,9.338144813,4.688846823,2.172614839,-3.62646
5.5,9.428149114,14.11226345,1.054822117,4.894525266,-2.31256
5.5,13.37746047,9.803878192,1.514938099,2.692186534,-19.1018
5.5,12.21951969,10.85030168,0.537860899,2.16534978,-9.83254
5.5,14.80436,8.006816736,4.442255541,2.949764326,-6.49569
5.5,11.55559014,11.76713852,3.61671973,4.888505051,-1.22989
5.5,11.42983236,10.32757507,1.413225993,2.375514454,-14.4817
5.5,12.03054061,12.45828126,1.987513195,4.437064598,-3.98039
5.5,14.87894,14.50594779,3.070120979,1.018088741,-8.46715
5.5,10.5244378,12.08693698,3.149918767,0.832457046,-5.35214
5.5,9.912049551,9.82056312,0.755246537,1.978826122,-15.5612
5.5,12.05340769,14.18991122,1.271155565,0.709502344,-3.24861
5.5,13.2075534,8.068979619,1.251282919,2.866323947,-15.507
5.5,8.627132966,9.608545639,4.2571373,4.837795195,-0.709479
5.5,10.73736786,12.91055553,2.997370232,1.644478097,-4.24278
5.5,8.656439976,8.627956323,1.394454494,0.75713056,-3.28812
5.5,10.29566704,12.91636173,3.402322322,1.041161826,-9.25352
5.5,11.28994944,9.714287557,0.915309575,1.120776532,-17.0483
5.5,9.139460224,10.84361078,0.416659652,2.81668978,-10.4107
5.5,8.499285914,10.01393787,2.929573373,2.475616356,-1.17388
5.5,11.22607702,9.048870933,2.051303232,1.559715024,-6.32572
5.5,10.07406957,10.12620502,2.352565465,3.469677345,-1.68199
5.5,9.404305802,12.38220573,1.71515427,0.928013782,-6.74284
5.5,11.61646486,8.096571258,2.654391769,1.489294987,-4.72927
5.5,8.154261807,12.34066301,1.657071592,3.075311204,-1.57471
5.5,13.92138702,9.384870701,0.439293129,1.997271885,-0.953185
5.5,9.426210374,10.7057009,4.552553919,2.756181183,-0.906229
5.5,11.11211168,11.2904387,2.613375731,1.91524186,-4.21297
5.5,13.1610725,13.49404976,1.489935995,0.528063719,-7.85931
5.5,11.70476415,9.527503318,4.394845483,2.21613699,-1.99613
5.5,9.973737943,10.61335074,0.995263968,2.66844798,-7.66691
5.5,13.40553059,14.26688182,2.772187787,0.940429609,-6.68637
5.5,14.78078122,8.803769583,1.24011657,3.199242667,-0.826519
5.5,8.872099048,8.242420606,4.834428932,4.820575731,-0.679658
5.5,8.209384677,12.74804247,4.698160992,0.815115035,-1.56804
5.5,11.08455437,10.06910758,2.599643157,1.740837049,-4.06294
5.5,8.531094035,14.97728039,1.225236045,2.776167241,-2.57224
5.5,8.90786971,9.274824399,3.578350561,2.368917515,-1.09082
5.5,8.686376479,11.87313663,3.766926296,4.745388504,-0.765425
5.5,9.674609103,12.11823948,2.569202192,3.71569058,-1.37977
5.5,9.541250849,11.45078316,4.122839141,3.815598472,-0.902865
5.5,12.16419652,11.25047306,4.127502641,3.312311091,-1.83384
5.5,10.87557683,9.063606129,2.951347621,0.567624799,-3.3308
5.5,13.09885181,9.807834645,3.92133992,3.333654056,-2.86654
5.5,14.80392516,12.97710842,2.547404005,1.801781161,-7.85163
5.5,13.26909731,14.96708159,3.88628509,0.852808451,-4.75778
5.5,8.60437369,11.87978543,4.459158106,0.759751482,-1.43524
5.5,14.22159475,12.44094402,4.754490978,4.622702581,-2.08617
5.5,10.64119994,12.68335747,1.079155747,1.491410189,-15.1489
5.5,13.620249,14.64933569,3.21016115,2.615354765,-12.2412
5.5,13.58287104,10.46459447,3.730469103,2.140133698,-7.03451
5.5,10.40711072,11.33557044,1.354853436,1.547050935,-9.05413
5.5,14.73736158,8.851667947,2.425078387,1.533220152,-6.2257
5.5,13.89220258,8.434991623,1.771971719,3.606389861,-21.4455
5.5,12.38088048,11.74481611,2.383215696,0.623027924,-7.29552
5.5,10.132048,12.61849654,3.418476801,4.079940908,-1.08796
5.5,12.24508916,13.73660701,1.625800565,1.684188468,-10.5478
5.5,14.92789538,12.17970866,4.336421618,4.320917938,-4.36868
5.5,10.50085095,8.365936967,2.792537963,2.56840142,-2.06231
5.5,9.719618777,13.13191266,4.50849963,1.385752421,-3.30375
5.5,8.027687154,9.068151187,2.50670442,1.335938723,-1.43607
5.5,14.4931427,8.496336192,2.124723826,1.761318755,-6.23803
5.5,12.37274473,8.286793941,3.506429305,4.98364414,-1.39646
5.5,13.5764918,8.444401509,3.770600734,1.223092269,-6.02926
5.5,13.22862046,9.473495308,4.493903729,4.370940851,-1.62947
5.5,12.23676045,10.66148821,0.72387803,4.342037214,-8.10701
5.5,9.259441837,9.996285272,3.928017852,2.769190339,-0.980509
5.5,14.0249522,9.01688813,1.232127649,3.429680459,-8.27457
5.5,12.98808402,12.39060291,4.10133854,2.051414776,-4.95224
5.5,12.54510153,8.732671871,1.053163507,1.781109837,-16.165
5.5,12.18439634,13.10588585,2.610462522,4.185416578,-3.06786
5.5,14.26640712,14.10536104,4.157662925,0.862241396,-12.629
5.5,13.60867445,11.05786374,2.986494747,1.302212093,-7.39063
5.5,13.07261473,10.8098298,1.721729203,2.361167057,-30.246
5.5,10.96638278,10.85636956,2.076427666,2.138483273,-5.06247
5.5,14.98103853,14.03094898,2.784790746,4.011344349,-13.5081
5.5,12.32315487,11.61717154,4.652853505,2.497418965,-2.3331
5.5,10.55538511,8.82646119,1.746094405,4.126042684,-2.19119
5.5,9.248424186,9.454751346,3.274838784,0.530181686,-1.7672
5.5,10.33027617,9.155052793,0.598421713,4.991434876,-5.81264
5.5,9.863534414,10.38194659,3.771980798,1.659625548,-1.62346
5.5,14.66611772,10.45329363,1.334214137,3.975623677,-1.3905
5.5,14.38324554,11.82703668,2.673526187,0.557096989,-5.97225
5.5,14.9215556,8.881121774,3.048285272,4.47914422,-11.54
5.5,14.75546565,12.82907185,1.557682498,3.835625477,-1.6809
5.5,14.27756706,10.38877418,2.58743419,0.887364562,-6.27667
5.5,9.16171631,12.47060915,4.53278158,4.468058225,-0.751761
5.5,9.039203204,10.95140195,2.08082742,4.259040226,-1.22583
5.5,12.53596932,13.27513539,0.739304952,0.414854761,-6.01575
5.5,13.58896872,9.751164563,3.106748564,3.401237198,-6.62292
5.5,8.570877026,9.318668586,1.258505443,3.283767305,-1.87433
5.5,9.765074417,9.055803893,3.241550567,1.293649081,-1.85649
5.5,8.114846083,14.9573694,2.051466688,2.325467503,-10.8127
5.5,9.672626945,14.76728653,3.483619567,4.725514102,-0.922006
5.5,9.850186856,14.42537061,0.683401284,2.406489284,-15.5854
5.5,14.51609952,11.12776048,1.908266997,0.888106997,-6.02414
5.5,10.68140937,9.398717264,3.163181479,3.511126205,-1.45528
5.5,8.314727135,10.55292721,4.907809555,4.8673868,-0.661656
5.5,12.53806183,13.17560171,2.468250892,2.33214716,-10.4401
5.5,13.77663917,14.20365394,1.629470975,1.399351971,-2.46676
5.5,8.639091959,13.88341066,0.594225999,4.56492672,-3.44059
5.5,8.123236642,14.75720691,2.934137789,4.779418617,-0.824629
5.5,10.66774532,9.033842139,0.616568377,2.160811776,-11.8122
5.5,10.97871176,8.795954486,4.647239096,3.936452441,-0.95215
5.5,11.00569087,9.348314656,2.464873401,0.846267296,-4.45348
5.5,11.35208483,9.796850432,4.320309334,1.363624343,-2.31873
5.5,11.36115325,13.0301132,4.573364239,0.85890432,-8.74104
5.5,11.80487259,9.557845104,3.436838493,0.504023374,-4.08582
5.5,11.75254849,12.17038121,2.05784061,2.72662099,-6.57482
5.5,11.58560719,9.19757204,4.012987796,1.525627389,-2.57182
5.5,13.52149434,12.01925399,2.972206386,0.548634968,-6.66108
5.5,10.11301094,11.22033868,3.426957219,3.856335934,-1.13665
5.5,11.82120914,14.06319371,3.007979422,2.832923659,-3.7104
5.5,11.93242701,8.019349832,4.497855423,4.534084175,-1.05424
5.5,9.468446666,10.48778099,4.467179225,2.991633758,-0.937
5.5,11.83444634,9.130215881,2.483751912,4.858004954,-1.9627
5.5,9.571870634,8.428544096,1.30317491,3.878447848,-2.18381
5.5,11.81283205,14.21686069,1.909475877,4.763675379,-3.5176
5.5,8.554272545,10.95842537,0.513300243,3.824778327,-5.09503
5.5,14.16288904,11.78128259,0.451880008,1.541822012,-6.18403
5.5,9.51990161,8.499028556,4.027619437,0.789992643,-1.40511
5.5,9.709851683,12.09012385,1.564117455,3.559486203,-2.32786
5.5,10.79508531,10.80534281,3.962828273,4.193864247,-1.08222
5.5,10.10101968,12.26905067,4.003987341,1.080905086,-3.3069
5.5,13.27706254,8.214933776,1.425636802,1.749912508,-11.9906
5.5,10.31610049,8.272112957,2.606980079,2.586542626,-2.0247
5.5,8.808797988,11.21030524,4.214282445,3.630703849,-0.826373
5.5,13.70297348,13.61424782,3.205490809,3.138777291,-9.33378
5.5,9.836303897,12.79341378,1.46977296,0.611293471,-7.99242
5.5,11.56137836,11.79902272,4.86808806,4.8644798,-0.933346
5.5,8.327536837,9.387920007,2.799082223,3.024985367,-1.04917
5.5,12.32873091,12.42298358,4.121306063,3.02841598,-2.448
5.5,10.82371378,8.253082088,4.058423876,3.04678407,-1.30336
5.5,10.21203486,12.95064427,2.905954868,3.149400589,-1.66009
5.5,10.40807158,10.93432557,2.349398598,0.952740215,-4.23822
5.5,14.61694011,11.54970286,1.784231559,0.555604832,-3.62453
5.5,11.38920125,14.32179739,4.022313506,2.249174609,-7.08122
5.5,8.011441125,13.23589068,4.946666988,1.595001844,-0.851053
5.5,13.09497756,14.7161092,2.667457765,3.571539491,-7.20698
5.5,10.90652257,13.27954973,1.351361856,4.934024642,-3.38164
5.5,8.198474877,11.02344506,2.849902005,1.461837582,-1.36956
5.5,12.4380596,11.19030512,1.613628239,3.957585569,-8.39952
5.5,11.17957476,11.50381203,2.203740958,3.443889586,-3.08412
5.5,12.0672069,9.627743641,1.426211862,2.809009322,-15.842
5.5,12.26197899,11.02477591,3.944618921,4.611296696,-1.41683
5.5,11.29897359,8.97811398,2.54299853,3.447368025,-2.43177
5.5,8.424987671,11.60412601,2.536668104,2.865534857,-1.16778
5.5,13.00777853,10.77034519,3.611739229,0.804256766,-5.17129
5.5,13.18372306,8.327201157,1.041243191,0.537359921,-7.35913
5.5,10.94301955,10.44244323,4.730070189,4.803294408,-0.866674
5.5,8.441592567,8.604309245,3.682252668,3.775447943,-0.809121
5.5,14.72408363,12.23832607,3.179724654,4.574483837,-8.46284
5.5,14.29237852,9.563212758,2.924069691,4.598724727,-7.18833
5.5,13.86762774,12.04955966,1.513068785,4.104554197,-7.98978
5.5,11.23839523,10.259023,4.399705309,2.798247664,-1.38548
5.5,14.33158048,13.19033115,2.689901584,1.955491517,-8.19221
5.5,14.09494995,13.40452627,2.327566411,1.637980064,-6.22356
5.5,12.51071475,8.750729222,3.864889753,2.497844583,-3.12657
5.5,11.5780559,10.97852205,3.525181149,0.428480606,-6.86625
5.5,8.590529829,8.980753545,4.952223028,2.290247145,-0.808579
5.5,10.63551488,8.609583513,3.050007569,3.692219951,-1.43581
5.5,9.652548519,11.51781466,1.188735086,2.225715935,-5.53142
5.5,14.15056972,9.292715837,1.068151863,3.165966637,-1.24657
5.5,12.43084545,12.99564247,1.244523792,3.093517572,-13.717
5.5,13.13066179,8.208204005,0.771030787,4.915591816,-5.70331
5.5,9.093426935,9.223355268,2.130764269,1.61529539,-2.17279
5.5,14.72720376,13.79348026,3.639296783,0.588336538,-5.73539
5.5,10.93480841,13.66801617,2.201387629,4.483933926,-1.99445
5.5,12.1770485,9.414100401,0.580434582,4.570914088,-6.01388
5.5,13.62300145,11.38455515,0.434464344,2.066335959,-1.30667
5.5,12.82231322,11.67716456,3.337586417,1.060529225,-5.88547
5.5,8.000602127,9.363919233,3.756239054,1.143735415,-1.00323
5.5,11.54350731,14.3458969,0.782336224,1.11558255,-3.9859
5.5,14.9149373,9.958876194,1.974440201,3.121588352,-13.2123
5.5,8.088052388,14.62619003,2.622875255,4.381480298,-0.90784
5.5,8.343316097,12.72082297,1.874350285,0.591303861,-10.327
5.5,8.768673588,12.31308656,3.378924144,3.08204324,-1.0425
5.5,12.13508608,11.78763735,4.043778654,1.467439705,-4.03171
5.5,8.405623596,13.37499092,3.411860916,1.331681995,-3.57779
5.5,11.078961,9.620077952,4.604321938,3.760897154,-1.06233
5.5,10.5894363,8.739282087,3.265351749,1.189651049,-2.35929
5.5,12.89501941,10.37788196,2.958481337,0.876153193,-6.06536
5.5,10.65250986,8.617755005,4.954084724,2.397082962,-1.13869
5.5,10.34833097,10.59017213,0.678320901,1.241486527,-16.7331
5.5,12.74755283,14.80850449,0.871824295,2.071979314,-5.00615
5.5,11.98249954,12.28745916,4.803597939,1.194287497,-4.74567
5.5,9.731370585,12.02643177,2.275794898,4.561426321,-1.29564
5.5,10.73395593,11.09618483,3.454049205,1.312037338,-2.77227
5.5,9.474240716,11.08516287,2.279280839,2.847967464,-1.69366
5.5,9.89276928,10.79561529,4.975232767,1.12814431,-1.38547
5.5,14.02702578,14.17199625,4.147891529,2.38187251,-9.46992
5.5,11.1211054,10.87608428,1.592501962,4.264106626,-3.6347
5.5,12.60461404,12.67768121,2.313760758,2.490424931,-12.2986
5.5,11.74578564,8.177511861,2.115363345,4.519428101,-2.44723
5.5,14.65657882,9.263387293,3.952212887,3.388181647,-7.28981
5.5,10.42141711,8.590121212,0.569332264,2.874411962,-13.7379
5.5,10.62789917,8.80890213,3.987956362,2.735528683,-1.25915
5.5,13.21473456,9.328767801,0.577513644,2.293511926,-2.06609
5.5,14.18727527,11.2833237,0.4959499,4.209733009,-1.11897
5.5,8.179205887,9.175849769,2.444549307,3.339345605,-1.04505
5.5,14.05123602,11.57299042,4.141834305,1.199343426,-5.99304
5.5,13.71048882,12.64803246,3.980210177,4.987639463,-2.18892
5.5,11.78430033,13.94182557,4.632568704,2.603231268,-2.66964
5.5,11.13660354,13.26746313,1.393509681,2.68718279,-10.9398
5.5,12.12046507,14.8431344,4.279241667,3.948159485,-1.48936
5.5,10.43220806,9.512432645,1.632862421,3.473926547,-2.96599
5.5,13.48672021,9.186558989,0.708265497,3.728018797,-3.5681
5.5,8.71160948,14.42808112,4.855302026,1.347644463,-18.1003
5.5,11.27004107,14.18545423,0.752599152,2.119581509,-15.8369
5.5,13.34824968,10.55955187,1.522478596,1.971189678,-11.4268
5.5,12.35024326,8.931444742,0.572564998,4.330099304,-6.12284
5.5,8.02878668,8.960928598,1.037950566,4.881901371,-1.26037
5.5,8.141752022,8.022197407,3.42504563,1.646979506,-1.03764
5.5,11.33102181,13.57558121,0.547117152,4.89002503,-4.94493
5.5,9.59596782,13.63802635,4.238683294,3.159706422,-0.994021
5.5,10.71046122,14.35789546,1.742615837,1.211268737,-4.43046
5.5,11.20240205,10.36133046,2.335196197,2.449386982,-4.28047
5.5,8.516382753,11.19725565,3.324422131,0.918477458,-1.46002
5.5,10.65507461,12.46389926,4.544589458,3.612080915,-1.0715
5.5,10.76044477,12.63763865,1.785645521,3.921277517,-2.84608
5.5,10.17792289,14.78329636,4.845155725,2.54048444,-2.6838
5.5,14.53556555,12.2724751,3.903369355,3.538109018,-7.26553
5.5,11.42068548,14.47023584,0.885295165,3.695056683,-9.49581
5.5,9.236943616,14.48240293,1.289582265,1.310268729,-4.61964
5.5,10.15590665,14.98601398,1.346987867,0.993594862,-1.69965
5.5,13.90604222,9.901075435,0.913896572,2.560456458,-1.60335
5.5,12.27099523,14.58863968,4.499347958,4.998535859,-1.16011
5.5,12.66094228,8.717869875,0.639816716,4.5231256,-5.81866
5.5,12.22413253,13.95228168,4.50754811,0.574124787,-3.07431
5.5,9.924573035,8.692338439,1.000331351,4.759521181,-2.47831
5.5,14.25207648,14.16220151,2.038381317,4.587566688,-12.1618
5.5,8.077260458,12.40800794,1.536574968,1.299105756,-2.64639
5.5,10.66489231,12.19135925,2.907914329,4.920493164,-1.22743
5.5,12.07936751,11.3231853,2.962297608,1.4995095,-5.64266
5.5,14.57345432,11.52121414,1.846371201,3.267756938,-4.16378
5.5,11.33310497,11.74649953,3.85430672,2.742654893,-1.78969
5.5,11.10254147,12.75505736,0.477802404,2.608555176,-3.41265
5.5,12.5884468,11.93412373,1.674306725,1.445754416,-14.9775
5.5,13.37192291,9.409161643,4.616135924,0.664399715,-4.20258
5.5,10.78189476,10.54656928,4.149486818,1.139428077,-2.15327
5.5,11.2940563,12.37140377,0.506208531,3.432901073,-2.87239
5.5,12.47416839,11.5456979,4.839177494,3.643648135,-1.53948
5.5,13.17191331,8.857715013,2.231820922,4.399826359,-6.16276
5.5,12.42323455,13.65636274,2.691038735,1.568802384,-7.25072
5.5,13.53333738,13.71484548,3.658276242,0.519312517,-9.09459
5.5,8.269130264,10.19687739,2.889914866,2.959957224,-1.00986
5.5,8.740853979,9.085236905,4.916567057,1.251390686,-0.915258
5.5,8.36295438,13.84076649,2.791619234,4.684946842,-0.875354
5.5,9.126578216,10.16457409,3.283683761,1.612172212,-1.47167
5.5,13.95397237,9.913909266,1.957701609,1.383138992,-7.32578
5.5,11.85357101,13.88914497,4.898959089,2.731780993,-1.80339
5.5,9.196963201,13.50320193,4.414133007,1.514736676,-2.81907
5.5,14.66216994,9.860466691,0.943120189,0.482222442,-1.5381
5.5,11.77760194,14.17924967,3.19635848,4.902899495,-1.54726
5.5,13.92890581,8.814844711,4.332439119,4.606962679,-2.0404
5.5,10.28409422,13.83681991,3.028952384,4.799655684,-1.1314
5.5,9.681055345,13.63036221,3.813556462,4.346972326,-0.904621
5.5,12.93905598,11.14488007,3.729779752,2.108571052,-5.18117
5.5,11.66932308,8.839006362,1.034135847,0.813650908,-18.6084
5.5,10.07907059,8.466054521,3.255066752,3.779332629,-1.11545
5.5,8.234967677,9.209507863,4.482707036,3.532510384,-0.728785
5.5,9.057264787,13.01702831,1.940961397,2.32986603,-2.25756
5.5,13.5479533,11.37620321,2.596921638,1.021202863,-8.32235
5.5,11.65254791,11.47366087,1.498567949,1.729503184,-17.4496
5.5,11.02958301,14.40251513,3.809182579,3.522742316,-1.43579
5.5,8.813708221,9.486816076,2.265075156,2.657345189,-1.49972
5.5,12.39638981,8.922795685,4.789037942,3.790333968,-1.3521
5.5,8.910976644,11.05026196,3.145955638,3.354249189,-1.02256
5.5,11.95215306,9.539631726,2.035249222,0.677813071,-8.23596
5.5,9.260340289,9.650834493,1.443529339,4.973125037,-1.42574
5.5,11.51071529,9.933440536,0.839582177,1.174278466,-13.9064
5.5,10.43804905,8.951562936,3.019905802,2.415151862,-1.93816
5.5,9.501565393,9.252339452,1.668136572,2.985316254,-2.21613
5.5,8.781440407,10.50996196,3.013142626,3.385132848,-1.01557
5.5,9.066703502,14.90191756,0.589881031,4.217878658,-4.81375
5.5,14.26042586,13.86479658,4.463471815,4.030735069,-3.1618
5.5,13.06650213,13.09613039,1.265049315,1.694256149,-4.29982
5.5,8.052089033,12.10519546,3.621240492,1.170647487,-1.10847
5.5,13.75430586,9.694591901,0.990999136,4.335037036,-4.09216
5.5,9.785813732,9.73618616,2.554422685,3.380366016,-1.43746
5.5,14.34920069,8.083142767,3.70401437,3.183828438,-7.49283
5.5,13.96657736,13.60696139,2.778793358,2.518876221,-14.8449
5.5,10.58015859,12.8649005,3.243411359,3.192603739,-1.61607
5.5,10.25789341,13.34818799,4.764347224,2.098138792,-1.74186
5.5,9.077952374,10.06247841,1.57621518,4.463672642,-1.3962
5.5,10.83265617,13.48488946,3.222514436,2.552358707,-2.59384
5.5,10.18561318,11.49697978,3.724915288,2.432103723,-1.55468
5.5,13.81247725,8.747563451,4.244705068,1.715492831,-5.79786
5.5,10.03386384,14.00970598,3.375511642,2.943091447,-1.45551
5.5,14.06941809,9.430161571,4.858066065,3.036349948,-3.40791
5.5,9.372149859,10.04787582,0.404918877,1.03425278,-9.17821
5.5,10.56555473,10.02707773,0.851813988,3.717244283,-8.73728
5.5,10.50990818,14.00438801,2.947671843,1.26081875,-5.78822
5.5,12.01241641,9.10697724,1.965245838,1.633280895,-10.4385
5.5,11.32415654,12.98441984,3.113109878,3.601546232,-1.95157
5.5,8.316208472,13.5557855,1.014292352,1.228937945,-18.0803
5.5,10.78777599,13.16620587,2.999665129,2.27596213,-3.11149
5.5,11.79689224,13.45378251,4.309393917,1.287651395,-7.94922
5.5,8.550879092,12.77524559,1.059576206,0.960449527,-12.3207
5.5,9.556904387,13.39248765,2.089863308,4.224678392,-1.44796
5.5,13.44197587,10.45815503,0.893340668,1.859265376,-1.89006
5.5,12.3875547,14.3066683,1.314219306,2.553814245,-24.2605
5.5,13.73260027,11.85286045,3.157476178,0.674394277,-6.33285
5.5,8.166393264,13.82405312,4.567885023,0.773942034,-11.4315
5.5,8.12607688,14.68320494,3.69382969,1.787679131,-19.5573
5.5,10.89935528,13.54325672,0.429414629,1.763366122,-3.502
5.5,9.53269908,10.88230027,2.452471387,1.938889085,-2.21002
5.5,12.04920321,12.19774009,2.887150518,3.37519205,-3.2472
5.5,13.84314713,11.59409325,2.073148183,2.270212533,-11.9943
5.5,13.23943619,12.23292572,0.517627777,4.293258911,-2.30791
5.5,14.59692522,9.234039247,3.386562595,4.494776786,-6.23564
5.5,11.68168091,11.55994925,3.41546108,2.880739861,-2.42517
5.5,11.7598693,11.41707674,2.152674795,1.935573048,-8.40405
5.5,12.67261235,13.76625643,2.369496182,2.83533244,-10.111
5.5,14.23564053,11.99825266,2.776719435,1.47742168,-7.64915
5.5,9.239130656,9.240220303,0.665978455,2.038708392,-9.9576
5.5,12.91468157,8.866214355,1.532265966,4.368647136,-10.717
5.5,9.311605322,12.51686451,2.341842249,4.46021867,-1.15833
5.5,9.418417282,9.458353132,1.140116977,0.727838637,-6.80009
5.5,13.4325015,11.07449844,4.941301579,4.754878494,-1.39263
5.5,11.73171043,13.18172337,4.208160083,0.471558089,-0.938344
5.5,8.069635614,12.58501869,4.583207493,0.745736773,-1.39807
5.5,14.78938324,10.0736072,4.343153528,3.882275182,-5.06575
5.5,14.28432966,13.3278314,2.216025758,2.076173055,-8.59182
5.5,14.2486593,10.39854612,2.152452565,1.29158787,-7.39908
5.5,11.49401998,8.533331128,0.520504184,4.30510516,-6.87815
5.5,11.74489447,13.00520774,3.863619188,4.403445795,-1.34795
5.5,8.257190754,12.8983405,2.024991401,3.9961423,-1.11531
5.5,13.25895121,8.452041337,1.378239138,1.983943247,-13.4831
5.5,13.33338048,13.12402474,3.466285982,4.844316566,-2.53743
5.5,11.98396596,8.471717586,1.461708539,1.845618788,-19.5543
5.5,10.70083339,14.13187054,0.961443538,2.99946229,-10.0685
5.5,11.48983902,14.09729256,4.686576443,1.341876513,-6.01346
5.5,11.72201357,11.96861618,4.252640879,3.06853533,-1.79768
5.5,11.24416585,13.76822015,4.283083842,1.775190101,-7.21631
5.5,8.994199924,8.823087688,1.024464612,3.640732679,-2.55064
5.5,12.56295845,9.422042847,1.52041558,0.700930007,-17.5178
5.5,12.72592177,8.287787605,4.176626648,0.818834834,-3.79733
5.5,13.25358106,12.76362767,4.038932806,1.202094394,-6.29463
5.5,10.19386366,10.05736829,1.733802099,1.235026357,-5.14885
5.5,13.66297628,13.20456044,1.869480506,1.098640706,-5.3072
5.5,10.17360111,11.66360936,2.170993127,1.585513331,-3.93493
5.5,10.00387987,10.22876365,2.324066098,1.183061619,-3.22828
5.5,9.9842412,14.40794392,0.765153662,0.562146329,-4.28559
5.5,13.36209441,13.65129158,4.713087268,0.698916811,-2.20143
5.5,10.29948914,11.58826452,3.949846868,0.511097102,-8.10111
5.5,10.60365193,8.776720323,3.311546351,3.206449206,-1.4251
5.5,12.73822676,8.552380668,4.890976828,1.574490221,-2.78308
5.5,8.262699729,12.62006017,1.062892351,2.483613248,-2.8352
5.5,9.048844147,12.83515975,2.696660286,1.152121072,-4.43066
5.5,11.06281136,14.82469444,2.766306602,4.205641729,-1.75891
5.5,9.549681902,14.72183222,1.085619843,0.501030395,-6.66522
5.5,13.34719512,10.74852418,3.29174056,2.708047363,-6.59969
5.5,12.472422,9.296659696,2.290180239,4.671944353,-3.27714
5.5,13.97786693,10.67551123,3.493560182,3.849232676,-5.59896
5.5,9.518389419,14.08280198,3.513438313,4.04568572,-0.961786
5.5,11.17510112,12.13837632,1.843216307,2.028777935,-7.87193
5.5,13.14190582,12.3546052,4.098391977,4.815774529,-1.7263
5.5,8.771006493,14.69931279,3.832689046,2.013303129,-9.31853
5.5,11.21831627,9.715442443,4.927486538,4.485650381,-0.895143
5.5,11.48009654,10.17079864,3.14152789,3.795291682,-1.86106
5.5,12.86237612,9.975147331,2.101430756,2.277764732,-16.5495
5.5,14.6148669,14.38462462,1.158629969,2.713695858,-10.8299
5.5,9.08677719,13.58202369,4.898440862,1.926835549,-1.19206
5.5,8.460848929,14.79083271,3.562080273,0.892563999,-2.8645
5.5,12.15786034,9.195525675,3.820117811,4.068434957,-1.55015
5.5,9.745902605,13.54549953,1.280932481,2.511204653,-5.15243
5.5,11.84440632,10.44706342,1.560818285,1.026563114,-14.6962
5.5,12.75522877,11.91558311,4.485532581,2.581650679,-2.9621
5.5,11.38591319,10.00203415,3.675121111,4.636161161,-1.18153
5.5,12.61625441,12.94800033,4.352117328,2.337568366,-3.70583
5.5,13.71777705,10.2374179,1.684449276,3.391347067,-22.43
5.5,14.10727419,12.66888214,4.235070106,2.422206854,-7.76766
5.5,12.97551494,13.68739017,4.076777085,0.901831776,-1.80599
5.5,9.927209263,8.219675941,4.370200004,1.991014212,-1.17677
5.5,10.13928287,14.73297084,0.671653473,1.699682428,-4.3946
5.5,9.279392833,8.895248016,1.622367322,0.420574499,-3.89242
5.5,12.10497407,8.924297199,4.249489941,1.133175371,-2.9754
5.5,13.4940846,12.50169326,4.740695257,4.502961804,-1.66186
5.5,8.705005999,10.24838883,1.084375056,3.803900949,-2.06908
5.5,10.9744652,14.80338086,1.835079197,0.68928719,-10.7173
5.5,12.3932746,12.54982375,0.661367033,1.073645621,-6.4147
5.5,13.38390665,14.37115662,2.864478295,4.739616677,-4.13265
5.5,11.62871788,8.971968548,2.396413255,4.5271934,-2.09605
5.5,8.417432724,8.65852161,1.367587303,1.840008122,-2.52775
5.5,11.19448395,14.53846573,1.420657964,2.44610615,-20.6898
5.5,13.52568053,13.11625024,0.897606071,3.686853286,-2.40808
5.5,14.93463619,8.098856714,0.419635456,2.304808843,-1.06737
5.5,14.04684117,8.683155693,1.330513853,2.803886591,-20.9609
5.5,8.504385166,8.678025955,3.304636797,4.773229142,-0.771267
5.5,13.40043027,9.947422898,3.066247086,2.639016146,-9.222
5.5,13.08232401,13.90706964,4.681002166,4.246373241,-1.64558
5.5,13.30971067,8.696582586,3.279207257,3.810005136,-3.90734
5.5,9.442469692,12.00568893,2.450624027,1.103771579,-3.04638
5.5,10.33945798,14.41230323,2.147592571,4.0954691,-1.84004
5.5,12.09154007,14.81140368,0.456306141,0.451450942,-3.4646
5.5,14.8669043,14.24174569,1.48067974,3.72275793,-2.52966
5.5,11.26731849,8.308531905,2.416705426,2.6064593,-3.5761
5.5,11.52493483,10.83761262,1.981099158,1.927387868,-8.48594
5.5,14.83978415,10.13748729,1.129000369,3.893537406,-1.06934
5.5,13.35560746,10.92172116,0.887718357,3.649593457,-4.24351
5.5,14.88363441,14.35566477,0.410652613,2.349867031,-0.801292
5.5,9.452715512,9.969262455,3.990753187,4.261658987,-0.842613
5.5,8.239230946,12.01123835,1.79791805,4.237251123,-1.17649
5.5,9.117461485,13.55853124,3.585891523,4.242691553,-0.888469
5.5,13.01433271,12.93908623,2.421480583,2.648801576,-14.817
5.5,13.47156196,14.21374622,1.806535786,1.124347083,-2.13445
5.5,12.50013362,8.335131139,1.655772264,3.059025019,-16.8283
5.5,10.460735,13.87476149,1.717710775,4.640841228,-2.18064
5.5,12.58471952,8.032776378,0.809952473,1.676791035,-9.88374
5.5,8.388172948,12.93479329,3.958659265,2.006404359,-1.02032
5.5,14.20926034,12.84589204,1.826798119,1.875847256,-4.05815
5.5,8.761707851,9.227220684,0.652297414,3.741012947,-3.61049
5.5,14.69170584,13.94639867,1.947438692,3.59500047,-3.00825
5.5,10.77588051,9.072344176,4.273943545,1.629028444,-1.73373
5.5,8.94222981,14.32873252,1.162117436,4.473049707,-1.88467
5.5,10.24020877,9.631052964,1.860932598,0.782774529,-4.92799
5.5,14.42831454,12.73616832,2.762493092,0.683967669,-3.42862
5.5,13.50388879,12.42933315,2.830740773,4.8503653,-4.25656
5.5,9.35023242,9.084041103,3.969008296,3.262813622,-0.900709
5.5,9.200535234,10.01996902,0.721520813,3.987167685,-3.78754
5.5,14.384522,9.366118422,4.17593946,1.038488759,-6.39524
5.5,13.42729504,14.4982148,4.606977125,1.756284025,-6.88349
5.5,13.60403646,11.71487388,3.788029509,0.400065054,-6.25071
5.5,9.565768197,14.6403949,0.981041207,2.970247402,-5.39583
5.5,9.351057523,9.496753603,1.028547056,4.699285926,-2.11585
5.5,12.50271915,12.4494887,1.819976418,2.352795131,-21.2082
5.5,8.823721093,13.4442097,2.143210681,1.994799677,-2.21259
5.5,11.57435266,10.72731113,3.33964141,2.701327442,-2.34478
5.5,12.80502107,13.70362651,4.194656765,0.807233964,-1.35539
5.5,9.100873508,9.137866662,3.896231364,3.939117171,-0.825573
5.5,10.72713034,9.40642184,3.540730684,2.147041916,-1.89488
5.5,13.72170443,10.31517074,2.566206837,1.051398602,-8.96534
5.5,14.49619594,9.774691827,2.209048881,2.133413062,-8.35407
5.5,9.128006888,10.34197067,2.866731604,1.588729546,-1.72622
5.5,13.17730576,14.88085686,3.059282211,1.709726885,-7.03653
5.5,11.84108812,12.33889065,0.705426518,0.440976595,-7.7019
5.5,9.289158764,12.14636867,4.528584181,1.406201073,-1.39229
5.5,12.84055428,12.03490515,2.574324558,2.433948886,-10.9554
5.5,10.15970479,10.75673162,0.807269114,0.99913638,-28.0583
5.5,12.40898334,11.76355507,1.994095654,2.09112317,-14.9257
5.5,9.707297969,13.36460985,2.844487739,2.393641639,-1.97751
5.5,11.46987928,11.34241642,3.096821129,2.767423431,-2.58589
5.5,13.32011582,8.512108211,3.873003137,2.904992193,-3.8338
5.5,12.31145618,14.52328406,3.349391665,1.912212185,-6.9939
5.5,9.804162353,8.224270347,3.333514137,1.327212463,-1.74211
5.5,12.56846014,12.49292197,2.981373832,1.066836314,-6.44337
5.5,10.3964966,13.07685531,1.763770247,2.984837849,-3.62262
5.5,8.888325562,8.567053045,3.882165756,1.8658385,-1.07631
5.5,12.59882721,13.43571168,2.719517774,3.370641183,-5.17479
5.5,14.70381825,14.45775104,2.530487229,4.090381252,-13.2549
5.5,13.98532056,11.9437272,1.010764594,4.201908218,-1.77421
5.5,9.022662911,11.15028224,4.16533091,3.536884837,-0.840667
5.5,12.82490122,13.4720263,1.177917675,1.654005268,-4.64621
5.5,12.66440999,9.960467762,3.82657431,2.754009335,-3.0144
5.5,11.62168649,14.96321398,0.636916676,2.917326194,-5.06031
5.5,11.1485047,14.86852471,3.807548248,2.562556468,-9.14769
5.5,10.80904583,11.68684358,2.018690611,1.007803694,-5.83014
5.5,14.00468758,14.15110162,2.495528875,1.949222528,-6.37927
5.5,9.827743394,9.643973627,0.648253401,4.450550807,-4.91375
5.5,10.12059323,11.34611682,1.792725008,1.453296893,-4.99394
5.5,11.87573878,14.27856069,3.71893951,1.20602787,-2.39998
5.5,12.35502553,12.56577141,4.566016642,2.762556719,-2.08175
5.5,11.25414904,11.00787841,3.750682557,2.112932686,-2.34625
5.5,14.18974968,13.81219501,1.148731711,4.342321659,-1.51445
5.5,14.77269133,10.69748779,2.005905628,3.659656503,-18.0802
5.5,13.78688219,11.3311702,4.449989573,3.552394526,-2.97134
5.5,13.02178374,11.10495061,1.132180417,1.745719378,-5.74133
5.5,8.901513257,10.21003838,4.221827861,0.45775997,-1.40661
5.5,8.632129434,13.96309066,2.560555666,1.834078711,-4.91616
5.5,13.96192785,14.07219129,4.560347775,3.85382842,-2.9374
5.5,10.54665749,10.30768249,2.855840318,1.353835675,-3.07773
5.5,14.47273785,14.66354992,2.747525657,4.792941694,-8.83966
5.5,11.94146646,10.12038711,4.171169459,0.478150011,-4.23981
5.5,8.43632667,14.49313366,1.296181417,4.220697816,-1.59895
5.5,9.5837402,9.114878523,1.725673045,1.244912028,-3.53208
5.5,9.029190429,14.6510877,1.186335604,1.497814771,-4.89157
5.5,11.01400463,14.0241423,3.930117021,2.386076779,-3.30346
5.5,14.29788157,11.48111103,3.165960769,3.056914674,-17.1094
5.5,8.694017642,8.073972521,3.234041144,3.104578732,-0.987811
5.5,14.60522055,13.38847912,3.655468381,4.839238308,-4.74807
5.5,14.63085941,10.41696872,0.984844415,2.515829405,-1.17139
5.5,9.941512359,13.78612619,4.883114281,3.254143693,-0.900569
5.5,8.280943345,10.98957392,1.016409252,3.221990867,-2.27586
5.5,11.37826508,12.20948601,4.477364708,3.228601312,-1.39155
5.5,11.99004433,10.56631727,0.846383341,2.082533996,-11.6841
5.5,13.10779634,12.96051146,4.351221579,3.590635963,-2.35477
5.5,10.42871744,10.15482802,3.094770673,1.727446291,-2.44098
5.5,8.522579207,14.60396452,4.203689072,2.103041359,-1.8418
5.5,14.37118906,13.79816082,3.596143188,3.910476352,-6.49224
5.5,13.89524661,13.35774688,4.784363472,2.672649562,-5.03265
5.5,10.72070607,10.07937495,1.363170216,3.214656127,-5.6225
5.5,13.39058335,13.97269822,0.819714361,2.220736492,-2.55992
5.5,11.15259527,10.53954206,0.866693371,1.250498035,-17.3985
5.5,11.64649722,13.49770901,4.801295692,2.661109442,-1.99919
5.5,11.86624905,13.60906613,4.826301054,2.487470003,-2.53317
5.5,9.782484278,14.99402329,4.622007628,0.969096727,-2.41002
5.5,8.92292551,8.248559683,3.459636827,2.473035273,-1.08108
5.5,12.17165262,9.666963354,1.118374997,2.545392272,-13.8048
5.5,12.18730222,10.97021775,3.299154359,0.58097931,-5.3108
5.5,9.687787957,13.78114619,2.291882422,0.827893497,-5.04437
5.5,14.12491581,10.64643127,3.548593948,1.796450937,-8.76203
5.5,8.845251635,8.783951634,1.490603822,4.97775733,-1.20033
5.5,14.320626,14.36886236,4.980307895,3.237328437,-4.3134
5.5,10.8395374,9.269580043,0.937690608,3.908000325,-7.358
5.5,10.1673835,12.11455823,4.06916961,1.621014307,-2.06453
5.5,13.28709885,13.59522853,3.458458075,2.787598539,-6.5353
5.5,9.935909758,9.837147526,2.218812719,0.523996596,-3.7645
5.5,11.68284654,14.86151943,4.446344532,4.272903144,-1.20064
5.5,9.636575968,11.04310391,2.172954406,1.412421656,-3.06515
5.5,8.489257628,9.587253723,2.434950912,3.363807747,-1.10898
5.5,13.87835307,9.281451697,4.338884047,3.271070266,-3.44882
5.5,8.856726592,12.7869503,4.390236749,1.104847109,-1.86594
5.5,11.76882933,13.9974376,1.437532238,3.914592975,-6.70084
5.5,12.33625485,13.29501347,3.977210583,1.902439804,-5.51609
5.5,8.01643592,9.843318409,3.490922846,1.396263072,-1.04997
5.5,9.163689251,14.85799951,3.190157399,3.66940029,-1.08216
5.5,8.109858895,8.234330018,2.261983948,1.85131156,-1.42709
5.5,13.29694067,10.32245768,1.151066107,2.718355969,-8.68771
5.5,12.95237048,12.63004072,0.631182754,2.309557664,-3.23197
5.5,10.59195804,8.340446467,1.590199526,4.138282417,-2.38604
5.5,12.70462025,8.318569189,1.250981926,2.855507554,-14.0564
5.5,8.683733346,11.95192451,1.642985793,4.67670236,-1.24941
5.5,13.83642478,12.49445956,4.756259749,0.970629669,-7.07808
5.5,11.10018715,9.673385212,3.125000901,4.615249622,-1.28492
5.5,8.746730846,12.34805759,3.121546657,1.626916175,-1.57107
5.5,8.720715553,11.63928947,1.614564102,4.750186744,-1.25171
5.5,8.788691603,11.53622478,3.933383177,0.669362957,-1.80348
5.5,12.29723934,12.79998698,0.466998379,2.89369863,-10.6641
5.5,9.43790486,10.53030885,1.006494929,0.444503449,-7.46165
5.5,11.08779742,12.28327917,3.28580372,0.991677108,-5.37311
5.5,13.74071006,10.11083978,4.474861663,4.39383279,-2.00069
5.5,10.37625208,8.564886609,2.187930149,3.304175828,-1.90531
5.5,9.996713832,12.53868763,3.83091534,4.291572351,-0.963849
5.5,13.80008295,8.137489712,4.419658593,3.605797172,-2.80131
5.5,9.497831106,10.63472117,0.826640354,0.983051135,-12.423
5.5,12.5765988,8.407027868,2.03078042,3.453196579,-7.84193
5.5,11.93941382,10.03802286,4.814030792,2.464882679,-1.78666
5.5,11.88109283,9.466174332,2.912083164,4.712523995,-1.72311
5.5,10.25346003,12.96552799,4.212077186,4.55623235,-0.875777
5.5,9.012061186,12.81378836,4.230419545,3.654333853,-0.853215
5.5,8.933956512,12.8924548,3.631201863,3.344302438,-0.943569
5.5,14.01411282,10.42891807,4.702069549,1.52211438,-5.53248
5.5,11.40427955,11.77553914,3.519230429,3.628812183,-1.72394
5.5,9.660321952,10.41163206,0.780116079,3.804910903,-5.17503
5.5,13.51546902,14.55867526,1.769392756,3.944257097,-17.8226
5.5,12.78400263,11.06214652,1.372422404,2.178406951,-19.1977
5.5,9.14725866,8.711600321,1.19814961,0.6570539,-5.18113
5.5,8.981991573,13.92185853,1.811075612,3.616985885,-1.64789
5.5,12.7017767,8.163487897,1.637986914,2.188199877,-22.7739
5.5,12.6221799,9.550152787,1.473955897,4.298405945,-10.1004
5.5,12.4808641,8.942095702,2.738034401,1.430243339,-6.91235
5.5,9.287977551,10.08736718,1.893137754,4.806971782,-1.23437
5.5,13.82799394,9.783889969,1.75367877,4.627711239,-9.60452
5.5,12.19762745,13.05573475,0.829162466,1.805195334,-7.91632
5.5,14.62349999,12.41358835,4.405232111,3.971313751,-3.98623
5.5,12.63560216,14.77305771,1.117229333,3.896710327,-9.3298
5.5,9.815390855,10.26323134,3.364151896,3.142172959,-1.19931
5.5,8.410265562,10.89803966,0.402445509,1.016150809,-19.3314
5.5,8.299334367,11.36011847,4.434416937,0.60667216,-1.09554
5.5,12.99714158,14.30701303,2.629457915,4.428701137,-4.40694
5.5,9.762534013,11.97936066,4.638009484,3.097708461,-0.983541
5.5,9.017644424,10.94234739,0.480661917,0.751687052,-21.5812
5.5,8.373853436,11.15832663,3.53143431,1.465995394,-1.18433
5.5,13.73323415,14.63440917,3.893805211,4.359636871,-2.9149
5.5,13.98139612,12.06230184,3.313585433,0.704813479,-6.206
5.5,9.638412232,10.68437004,2.877335682,4.229931953,-1.08091
5.5,13.22038334,11.89731062,2.70420385,4.542228747,-4.44867
5.5,10.05408617,14.88493148,2.267724836,2.061931336,-17.0466
5.5,10.47041198,13.42064155,2.841686143,4.144439237,-1.40196
5.5,10.38122841,8.506357016,1.710587382,4.198882609,-2.04922
5.5,8.537771945,10.57842797,1.174902056,1.166017816,-3.81401
5.5,8.598055321,13.29956222,4.387453011,3.585595308,-0.784488
5.5,11.50130551,9.374749912,1.342978039,3.411049993,-8.65358
5.5,10.74435683,10.37260118,2.380088699,4.947158233,-1.45024
5.5,11.01945294,9.502093036,2.085298971,2.120426314,-4.85751
5.5,12.30360956,8.010688901,4.381791691,3.771425738,-1.45386
5.5,12.6474226,9.335019524,4.008389578,0.740336487,-3.98897
5.5,12.43543369,11.12010168,0.445617025,0.731261922,-4.85102
5.5,10.47810942,12.69991766,3.033495772,2.79222917,-1.85153
5.5,13.1990385,11.30725238,2.285604056,2.125992305,-15.8313
5.5,12.87740744,8.84448606,0.559840828,2.087858412,-3.25028
5.5,12.03804858,13.5331626,2.363404069,4.873879088,-2.67195
5.5,14.32168815,8.42636354,2.308849589,3.67814751,-28.4355
5.5,14.79398383,8.788992587,4.40716814,1.964061192,-8.3058
5.5,14.1420723,13.96755735,1.503734353,1.421480392,-2.47189
5.5,10.32389925,12.72808063,4.88744909,3.905128998,-0.871903
5.5,12.65165787,11.51105101,2.678806198,4.551622998,-3.1724
5.5,14.4621617,12.30142177,4.073754478,1.973668457,-8.75751
5.5,12.81559499,13.68122854,1.405347105,0.72593914,-2.04555
5.5,14.99075677,8.047959003,1.357737358,2.928869664,-0.678661
5.5,11.53229931,11.57780783,4.430456681,2.257795257,-2.06543
5.5,9.98991251,10.6225174,3.664606267,1.367365833,-1.89626
5.5,12.85122922,8.345923718,3.747664472,2.532881784,-3.832
5.5,14.95120834,12.87488141,2.252009057,2.64432401,-3.99543
5.5,9.535614533,13.37859208,3.628444197,3.163581943,-1.10852
5.5,10.99703887,12.90276703,2.319344469,1.665689226,-5.59633
5.5,9.152978572,8.765039984,4.926121415,2.820574663,-0.795174
5.5,9.824358129,10.19994996,2.82837985,2.749745914,-1.49362
5.5,10.86838765,13.92611255,2.336876404,2.527983713,-4.46091
5.5,10.471113,12.64670087,0.797515121,3.053005698,-10.4454
5.5,14.59394905,9.70783269,4.181853299,2.154445667,-8.9982
5.5,11.27814589,8.130159093,3.34685063,4.693328031,-1.16363
5.5,11.70034539,9.862938514,2.10494231,3.486248376,-4.17354
5.5,11.53700274,13.20887596,3.545056439,1.681593664,-5.37243
5.5,13.75310613,10.9623567,1.706006126,4.824134815,-8.42249
5.5,13.67645707,14.61817527,1.142230269,0.483047619,-4.04293
5.5,8.878022431,8.485172018,1.849307298,1.345946687,-2.40584
5.5,12.27773323,8.058247253,0.967895763,4.285662664,-12.2971
5.5,13.44872337,12.2923131,4.90951812,4.042758656,-1.71494
5.5,10.06635714,9.483085811,4.048144488,1.717233263,-1.50743
5.5,9.966761913,13.24881199,2.517956539,4.445717858,-1.26844
5.5,11.36967026,12.85308809,2.162201131,4.718174383,-2.30508
5.5,10.70647036,10.79053938,3.496133295,3.869628801,-1.27277
5.5,11.43601673,9.745591589,0.94147651,2.341433222,-14.4938
5.5,11.17010137,11.6271915,0.547472806,2.838157694,-13.6361
5.5,9.861747906,13.46519616,1.38525299,4.503989113,-2.28759
5.5,8.977186939,13.32093224,1.662584077,4.911726549,-1.31193
5.5,9.946187468,10.51334241,4.936429915,3.128791428,-0.891851
5.5,10.51376925,11.01381139,1.431795534,3.065885267,-5.16478
5.5,9.843800222,14.89271663,0.66737731,4.539423294,-5.22871
5.5,8.15121927,14.15889559,0.880388535,4.08743767,-2.03876
5.5,11.26186875,13.11832932,2.062079242,2.699689845,-4.84999
5.5,14.45559442,9.520355987,4.116667444,2.884411674,-7.30305
5.5,12.60813715,8.387184651,0.552906655,3.321113128,-3.70706
5.5,9.007718996,8.523433453,1.098393067,1.891788844,-4.15925
5.5,9.884860814,9.852665352,1.317424555,1.870868581,-5.82478
5.5,13.59432061,9.028648463,4.721551997,1.054692986,-4.46033
5.5,13.11654655,10.43483701,4.994001551,3.748386431,-1.67109
5.5,13.85559374,12.69425436,4.725379678,2.046945549,-5.83435
5.5,14.6360451,8.637747858,4.779420481,3.175342014,-4.26781
5.5,9.327272129,14.09235591,1.506094011,0.427079337,-1.19998
5.5,11.71208795,11.3016957,1.650008201,0.965419276,-11.4413
5.5,10.04249651,11.66922766,2.180102997,4.829635064,-1.35287
5.5,10.95750386,8.460304748,4.357115856,3.709368922,-1.08281
5.5,9.728610587,8.95264841,4.779163809,4.664937754,-0.744034
5.5,10.61775158,8.151959644,3.22777873,3.754465602,-1.27154
5.5,9.179574866,9.927637616,1.736069757,2.62640175,-2.23328
5.5,8.046936095,13.2863527,0.905362733,3.299816512,-2.41828
5.5,10.95354627,14.53077609,1.400748182,2.57411071,-13.8791
5.5,10.02509878,8.04984478,3.711347515,2.230722213,-1.33079
5.5,9.215790668,8.378080195,3.441172079,1.604116951,-1.34984
5.5,12.01951944,12.5944549,2.757269467,4.546075352,-2.27273
5.5,13.04573481,11.93134932,4.13711107,4.62542656,-1.73166
5.5,13.03982946,9.653881161,2.508958324,2.414035104,-12.0566
5.5,11.59256494,14.13956018,1.895645858,2.265103383,-11.6283
5.5,10.36310955,11.2375324,3.024266975,2.908892387,-1.72818
5.5,11.31463564,12.20573445,3.267013156,4.080866609,-1.53556
5.5,10.14727226,10.14568611,0.48805556,0.632427834,-8.90445
5.5,12.79239034,8.909500094,0.588074315,2.456575039,-5.83284
5.5,14.56711638,14.47558588,0.687807014,4.007027965,-0.79515
5.5,10.12183699,14.68841741,0.74369005,3.635999549,-7.47465
5.5,11.41430534,14.92121802,0.80080458,3.479566888,-11.474
5.5,10.85112224,9.54416803,4.824892007,4.021673908,-0.901978
5.5,10.30812085,10.49928585,0.861787542,2.402464251,-14.1474
5.5,10.92291445,12.8674003,2.477616065,1.374330316,-5.84948
5.5,14.30632625,8.14161482,4.750359496,4.731027639,-1.78766
5.5,14.76690629,12.16419818,2.669777399,3.258362004,-15.8925
5.5,8.056251804,10.35015205,1.448191962,3.781340739,-1.39783
5.5,12.11308318,11.06732124,4.999379125,4.309235714,-1.10653
5.5,13.55854474,8.988689212,4.862298856,3.114625068,-2.56077
5.5,12.44761425,9.257037693,3.397656077,2.183538392,-4.3389
5.5,8.86308345,12.05517249,0.836090952,3.230959725,-3.71636
5.5,12.96611815,10.88618666,1.457670757,3.4906259,-10.6651
5.5,8.725328065,10.09872064,0.621205809,0.489618859,-11.418
5.5,12.0008236,11.17791438,2.649598069,3.831228121,-3.08586
5.5,14.03464886,10.77880162,4.717747126,0.619096761,-5.44021
5.5,9.647247308,14.13828962,2.980157983,1.418099165,-10.8719
5.5,9.385178915,10.89209859,2.406089733,3.767078817,-1.29187
